<?xml version="1.0" encoding="UTF-8"?>
<project-private xmlns="http://www.netbeans.org/ns/project-private/1">
    <editor-bookmarks xmlns="http://www.netbeans.org/ns/editor-bookmarks/2" lastBookmarkId="0"/>
    <open-files xmlns="http://www.netbeans.org/ns/projectui-open-files/2">
        <group>
            <file>file:/D:/JAVA/MVCProject/web/Login.jsp</file>
            <file>file:/D:/JAVA/MVCProject/src/java/com/controlar/LoginControlar.java</file>
            <file>file:/D:/JAVA/MVCProject/src/java/com/mvcproject/model/RegistrationDto.java</file>
            <file>file:/D:/JAVA/MVCProject/src/java/Test.java</file>
        </group>
    </open-files>
</project-private>
